up_name,title,link
温柔JUNZ,搜查十几天，我居然找到了疫情蔓延的原因！？,https://www.bilibili.com/video/av87676920
尤超白,教你如何摧毁一段友情,https://www.bilibili.com/video/av87449087
小毒MomentD,武汉软件损害学生财产？请别用疫情“绑架”学生。,https://www.bilibili.com/video/av88065796
巫师财经,【巫师】疫情对经济的影响：专题报告【巫师经济学03】,https://www.bilibili.com/video/av88061096
三年二班の潘同学,镇  站  之  宝,https://www.bilibili.com/video/av88030813
枪弹轨迹,老公你快说句话呀,https://www.bilibili.com/video/av87646992
兲国神偷,抓到第一个吃野味的怎么办？送他一曲《出山》吧！！！,https://www.bilibili.com/video/av87371060
徐大sao,做好防护，走出家门，大sao为远方的朋友做了一顿特殊的炸鸡腿,https://www.bilibili.com/video/av87339507
小潮院长,父 慈 子 孝,https://www.bilibili.com/video/av87688949
朱一旦的枯燥生活,【朱一旦】141 这次，我真的只想当个好人！,https://www.bilibili.com/video/av88038773
黑猫XL,喜 羊 羊 删 减 片 段,https://www.bilibili.com/video/av87538245
yy渔鱼,南昌人去日本不用带翻译,https://www.bilibili.com/video/av87710276
凉风Kaze,我终于疯了,https://www.bilibili.com/video/av87584316
硬核的半佛仙人,【半佛】东方众神暴打华尔街韭菜。,https://www.bilibili.com/video/av87759510
OELoop,【抗肺炎】村长硬核广播trap《贱》,https://www.bilibili.com/video/av85965831
今年欧冠得主是拜仁,【催泪】妈妈用VR技术再跟女儿见一次面 转自油管 韩国MBC,https://www.bilibili.com/video/av87562436
二喵的饭,一箩筐炸鸡！肯德基卖100块，自己做竟然只要…,https://www.bilibili.com/video/av87897964
力元君,强迫女友给我拍的MV，你们要看100遍！,https://www.bilibili.com/video/av87663392
NathanRich火锅大王,新冠肺炎疫情：李文亮医生之死的真相,https://www.bilibili.com/video/av87786609
Yuki大力兔,联合国实习了解一下？包教包会，奖学金拿到手软～,https://www.bilibili.com/video/av87453793
毅斯不苟,全网最能杠的两个人，对喷了整整三年,https://www.bilibili.com/video/av87734631
啊吗粽,没疯！在家叫陪玩 我还能再宅14天！,https://www.bilibili.com/video/av87901269
代号白菜君599,女团腿 去头尾 自用,https://www.bilibili.com/video/av70455264
元生塔罗,【元生塔罗】测一生良缘几何，愿有情人终成眷属,https://www.bilibili.com/video/av87452129
-柠萌菌-,龙 王 危,https://www.bilibili.com/video/av87678294
景辉_Irony,不 买 立 省 百 分 百,https://www.bilibili.com/video/av87739724
小小小小盒子min,有一天你杀了人，你朋友会怎么做,https://www.bilibili.com/video/av86930000
一片叶子YE,每天一遍，防止早恋！,https://www.bilibili.com/video/av86697667
TECHO_Media,【干货】抄 作 业 技 巧,https://www.bilibili.com/video/av87409493
晏策去月光林地了,火 力 撤 硕 王（特效向）,https://www.bilibili.com/video/av87664378
大头大头哥哥,B站就你敢这样弹《处处吻》前方高能，钢琴裁缝又叒叕来了！,https://www.bilibili.com/video/av87262159
埃菲尔轻松熊,当你上网课时逛b站...,https://www.bilibili.com/video/av87880470
年方两万八,【华妃X甄嬛】高能|脑洞|拱手河山换不回你,https://www.bilibili.com/video/av87484344
土豆の大魔王,就你TM叫ADC？,https://www.bilibili.com/video/av87687756
俊孩玄晔,让你笑到岔气的漫威中文梗！,https://www.bilibili.com/video/av87426710
毫无人性的大麦纸,【MC史诗番剧】纪元史记 第一话,https://www.bilibili.com/video/av87469370
水上青风,魔幻开年的2020才过30几天？70万蝙蝠入侵城市、澳洲山火，菲律宾火山爆发，加拿大暴雪..........,https://www.bilibili.com/video/av87465154
蜡笔和小勋,如何逼自己在家学习？4个提升自制力的小妙招,https://www.bilibili.com/video/av87954714
一本正经的小方,【处处吻】 愣着干嘛 进来白嫖啊,https://www.bilibili.com/video/av82766716
果冻lui,鬼知道我看了几遍 ！火 爆 全 网,https://www.bilibili.com/video/av87366104
伢伢gagako,☀️进来沐浴阳光！☀️记得给我Thumbs up～【伢伢】韩舞翻跳,https://www.bilibili.com/video/av86962018
濮阳市雷雨网络科技有限公司,遭大V质疑！韩红，你到底动了谁的奶酪？,https://www.bilibili.com/video/av87547686
哔哩哔哩弹幕网,【哔哩哔哩2020拜年祭】,https://www.bilibili.com/video/av78976165
巴卡咔吧咔咔吧咔,带你们一步一步把周杰伦变土，土味翻唱土 里 香,https://www.bilibili.com/video/av87449541
普鲁士ll,瘦腿课表（美丽芭蕾外侧+内侧+第三套+第四套+美丽芭蕾拉伸）,https://www.bilibili.com/video/av50314054
雪饼夫斯基,克罗地亚狂想曲（冰块版）,https://www.bilibili.com/video/av87578693
纳兹米米米米,一节能把老师逼疯的网课,https://www.bilibili.com/video/av87288112
damon12121,爸爸你信不信我能蹦到你那里,https://www.bilibili.com/video/av87304763
阿斗归来了,【阿斗】IMDb排名第7！史诗的终章！详细解说《指环王3王者归来》一个时代结束了,https://www.bilibili.com/video/av87812131
v汉良,猫:这是我看着长大的姑娘,https://www.bilibili.com/video/av87010387
-欣小萌-,宅了14天，女子忍不住抖了起来,https://www.bilibili.com/video/av87563436
怕上火暴王老菊,王老菊教你全家种树,https://www.bilibili.com/video/av87861868
手工耿,洗衣机在家很闷，改装一下出去溜溜,https://www.bilibili.com/video/av87935208
累的不行的yy,老师网上上课，抽学生回答问题ʅ(´◔౪◔)ʃ，然后尴尬了,https://www.bilibili.com/video/av26600941
假美食po主,感谢200万关注！留学生能做的也就是买点口罩送回国了 吃火锅 VLOG,https://www.bilibili.com/video/av87908281
罗德岛_原初的博士,钉钉的千层套路,https://www.bilibili.com/video/av88034851
有马贵皮,当你尝试握住狗嘴时,https://www.bilibili.com/video/av87472462
抗白六代目,不知不觉撑过了7次化疗，医生说下次骨穿结果好的话以后或许不用再做了。希望如此吧！也希望疫情早日平息！FIGHTING！,https://www.bilibili.com/video/av87564619
周六野Zoey,快速瘦小腿运动！摆脱萝卜腿让小腿更细长，拉伸小腿【周六野Zoey】,https://www.bilibili.com/video/av8879609
修2,【蔡徐坤】处处吻,https://www.bilibili.com/video/av87333728
大洪哦,有多少男的经历过,https://www.bilibili.com/video/av87175930
动漫唯美风,【处处吻】你的老婆可太撩了！世界都馋她一吻,https://www.bilibili.com/video/av85792473
notyour_kei,防疫期间／独自在家也能高效学习的8个技巧！／一起戒掉拖延症,https://www.bilibili.com/video/av87813906
带枪小女孩weibo,在床上就可以做的20分钟特快瘦大腿操  2星期内明显见效【Coffee林芊妤】,https://www.bilibili.com/video/av22227629
荟小荟,硬核法律解读！《仙王》抄袭《齐木楠雄》了吗？【小荟说法】,https://www.bilibili.com/video/av87821037
文不叮,21天！告别假胯宽 解锁一字马｜拯救硬身板女孩,https://www.bilibili.com/video/av87578005
一支小暗暗,【神经病式配音】猜 猜 我 是 谁？,https://www.bilibili.com/video/av83701473
废柴家里蹲,【更新1p，告别蝴蝶袖】美丽芭蕾 天鹅臂 累断手,https://www.bilibili.com/video/av3534854
阿刘_MasterLiu,人类迷惑行为大赏！钉钉直播课着实没眼看！,https://www.bilibili.com/video/av87321083
姗胖胖Joyce,空气巧克力 | 还原只需3种材料，有手就能做 | Joyce Bakery vol.23,https://www.bilibili.com/video/av87950539
三笠・阿克曼,曾火遍全网的《溯》，你是否还知道？,https://www.bilibili.com/video/av85054372
喵不磕盐,《生活因你而火热》疫情之下，英雄辈出【突然听懂系列】,https://www.bilibili.com/video/av87656611
渗透之C君,"【C菌】耗时半年, 我终于打通了史上最难恐怖游戏《甜蜜之家》大结局！（实况完结）",https://www.bilibili.com/video/av87524340
与山0v0,【不要笑挑战】吃饭时慎入！全程高能！憋不住！,https://www.bilibili.com/video/av87892744
威尔逊不是歌手,年度谋杀类恐怖RPG！《湖边小屋》续作！【湖景谷】P1,https://www.bilibili.com/video/av88083497
摩登Mod,【郭老师级】不要笑挑战！！你能坚持不笑吗？？,https://www.bilibili.com/video/av87012107
-TS映画-,姜子牙：天尊，我不做工具人啦！,https://www.bilibili.com/video/av87643741
无尽の零,我们，鬼畜区，向冠状病毒宣战！,https://www.bilibili.com/video/av86158890
翔翔大作战,泡面吃烦了，小伙在家自制日式照烧鸡腿饭，竟比外卖还好吃,https://www.bilibili.com/video/av87409099
黑镖客梦回,世界上最憨憨的游戏,https://www.bilibili.com/video/av87829605
木鱼水心,【木鱼微剧场】回望《非典十年祭》，或许它是如今肺炎疫情的启示录,https://www.bilibili.com/video/av87880170
青春山东,喇叭里喊话别出门的老支书走了……,https://www.bilibili.com/video/av87700352
AlwaysCrapping,用VR技术见到去世三年的女儿｜VR Human Documentary,https://www.bilibili.com/video/av87406496
Tocci椭奇,【椭奇】☀彩虹节拍☀ 让阳光赶走阴霾~ BDF2020,https://www.bilibili.com/video/av88011640
游厨冯马迁,大排档的炒面为什么这么好吃？大厨教你一招，在家炒也一样,https://www.bilibili.com/video/av87205143
李永乐老师官方,埃博拉病毒有多恐怖？人们对付病毒最有效的方法是什么？,https://www.bilibili.com/video/av87775412
白小纯2019,这才是体术盛宴！只需50秒，让你高潮到极致,https://www.bilibili.com/video/av87539128
这个夜猫很ROCK,【板绘教程】妈妈级教程，你一定能学会，看见我的标题你还不来看看吗？？,https://www.bilibili.com/video/av84183192
EdmundDZhang,【老E】孤儿模拟器,https://www.bilibili.com/video/av87893381
最上川下山,我做出了中忍考试试题，b站第一人,https://www.bilibili.com/video/av87910518
锦城大同教育,高中生物必修一（人教版）视频合集,https://www.bilibili.com/video/av74947403
反正我是要改个网名,当上网课时老师收到火箭~,https://www.bilibili.com/video/av87496442
小熊babyか,韩红老师什么都能碰上 笑死人,https://www.bilibili.com/video/av87392143
金色传说竹鼠,【蔡徐坤】鬼灭鸡刃,https://www.bilibili.com/video/av87661612
青城山圣子松无极,冠 世 疫 战,https://www.bilibili.com/video/av87825918
泡沫繁华,如果实在想喝又怕被传染艾滋病，建议烧开了喝,https://www.bilibili.com/video/av87548717
机智的党妹,【党妹】花21万拍视频可以收获什么？翻跳《寄明月》给大家拜年啦！,https://www.bilibili.com/video/av84620989
雨宫Akane,召唤师！告诉我！什么叫视听盛宴！！,https://www.bilibili.com/video/av86665915
冷静兽王,自称是央视退休配音员看门大爷，一开始我以为是配口型，没想到。。。,https://www.bilibili.com/video/av23225994
一只纯正的沙雕,恐  怖  学  校,https://www.bilibili.com/video/av87993844
