up_name,title,link
朱一旦的枯燥生活,【朱一旦】142  一块劳力士的回家路,https://www.bilibili.com/video/av88460964
温柔JUNZ,搜查十几天，我居然找到了疫情蔓延的原因！？,https://www.bilibili.com/video/av87676920
小毒MomentD,武汉软件损害学生财产？请别用疫情“绑架”学生。,https://www.bilibili.com/video/av88065796
巫师财经,【巫师】疫情对经济的影响：专题报告【巫师经济学03】,https://www.bilibili.com/video/av88061096
翔翔大作战,在一个非常特殊的时期，小乖有妹妹了,https://www.bilibili.com/video/av88344924
枪弹轨迹,老公你快说句话呀,https://www.bilibili.com/video/av87646992
yy渔鱼,南昌人去日本不用带翻译,https://www.bilibili.com/video/av87710276
二喵的饭,一箩筐炸鸡！肯德基卖100块，自己做竟然只要…,https://www.bilibili.com/video/av87897964
罗德岛_原初的博士,钉钉的千层套路,https://www.bilibili.com/video/av88034851
尤超白,教你如何摧毁一段友情,https://www.bilibili.com/video/av87449087
兲国神偷,抓到第一个吃野味的怎么办？送他一曲《出山》吧！！！,https://www.bilibili.com/video/av87371060
景辉_Irony,不 买 立 省 百 分 百,https://www.bilibili.com/video/av87739724
啊吗粽,没疯！在家叫陪玩 我还能再宅14天！,https://www.bilibili.com/video/av87901269
蜡笔和小勋,如何逼自己在家学习？4个提升自制力的小妙招,https://www.bilibili.com/video/av87954714
毅斯不苟,全网最能杠的两个人，对喷了整整三年,https://www.bilibili.com/video/av87734631
代号白菜君599,女团腿 去头尾 自用,https://www.bilibili.com/video/av70455264
NathanRich火锅大王,新冠肺炎疫情：李文亮医生之死的真相,https://www.bilibili.com/video/av87786609
姗胖胖Joyce,空气巧克力 | 还原只需3种材料，有手就能做 | Joyce Bakery vol.23,https://www.bilibili.com/video/av87950539
埃菲尔轻松熊,当你上网课时逛b站...,https://www.bilibili.com/video/av87880470
敖厂长,【敖厂长】30年前超人气母猪射箭游戏 游戏封面竟然隐藏震撼秘密,https://www.bilibili.com/video/av88476130
小熊纯一郎,处     处     盗,https://www.bilibili.com/video/av88202610
一本正经的小方,【处处吻】 愣着干嘛 进来白嫖啊,https://www.bilibili.com/video/av82766716
OELoop,【抗肺炎】村长硬核广播trap《贱》,https://www.bilibili.com/video/av85965831
硬核的半佛仙人,【半佛】东方众神暴打华尔街韭菜。,https://www.bilibili.com/video/av87759510
-柠萌菌-,龙 王 危,https://www.bilibili.com/video/av87678294
花里胡哨草履虫,一个人人都可以4000血一千法强的视频,https://www.bilibili.com/video/av88148577
小潮院长,父 慈 子 孝,https://www.bilibili.com/video/av87688949
今年欧冠得主是拜仁,【催泪】妈妈用VR技术再跟女儿见一次面 转自油管 韩国MBC,https://www.bilibili.com/video/av87562436
三笠・阿克曼,曾火遍全网的《溯》，你是否还知道？,https://www.bilibili.com/video/av85054372
威尔逊不是歌手,年度谋杀类恐怖RPG！《湖边小屋》续作！【湖景谷】P1,https://www.bilibili.com/video/av88083497
一片叶子YE,每天一遍，防止早恋！,https://www.bilibili.com/video/av86697667
晏策去月光林地了,火 力 撤 硕 王（特效向）,https://www.bilibili.com/video/av87664378
一只纯正的沙雕,恐  怖  学  校,https://www.bilibili.com/video/av87993844
快乐的台长,祖 安 爷 爷 ????,https://www.bilibili.com/video/av88064080
普鲁士ll,瘦腿课表（美丽芭蕾外侧+内侧+第三套+第四套+美丽芭蕾拉伸）,https://www.bilibili.com/video/av50314054
黑猫XL,喜 羊 羊 删 减 片 段,https://www.bilibili.com/video/av87538245
与山0v0,【不要笑挑战】吃饭时慎入！全程高能！憋不住！,https://www.bilibili.com/video/av87892744
土豆の大魔王,就你TM叫ADC？,https://www.bilibili.com/video/av87687756
毕导THU,科学家光写论文不抗疫情？几分钟带你看完新冠病毒的所有论文,https://www.bilibili.com/video/av88290870
手工耿,洗衣机在家很闷，改装一下出去溜溜,https://www.bilibili.com/video/av87935208
徐大sao,做好防护，走出家门，大sao为远方的朋友做了一顿特殊的炸鸡腿,https://www.bilibili.com/video/av87339507
notyour_kei,防疫期间／独自在家也能高效学习的8个技巧！／一起戒掉拖延症,https://www.bilibili.com/video/av87813906
怕上火暴王老菊,王老菊教你全家种树,https://www.bilibili.com/video/av87861868
假美食po主,感谢200万关注！留学生能做的也就是买点口罩送回国了 吃火锅 VLOG,https://www.bilibili.com/video/av87908281
大嘴的雀爷,【雀爷】官宣了！5分钟掌握KFC吮指原味鸡的官方吃法！,https://www.bilibili.com/video/av88155824
哔哩哔哩弹幕网,【哔哩哔哩2020拜年祭】,https://www.bilibili.com/video/av78976165
记录生活的蛋黄派,抖音上学的韩式蜂蜜炸鸡翅真的好吃吗？小伙在家做了一大盘尝试！,https://www.bilibili.com/video/av88154449
废柴家里蹲,【更新1p，告别蝴蝶袖】美丽芭蕾 天鹅臂 累断手,https://www.bilibili.com/video/av3534854
TECHO_Media,【学生禁入】抄 作 业 技 巧,https://www.bilibili.com/video/av87409493
Tocci椭奇,【椭奇】☀彩虹节拍☀ 让阳光赶走阴霾~ BDF2020,https://www.bilibili.com/video/av88011640
荟小荟,硬核法律解读！《仙王》抄袭《齐木楠雄》了吗？【小荟说法】,https://www.bilibili.com/video/av87821037
宝剑嫂,偷偷在懒人沙发里放满气球，我直接把男友炸飞天...,https://www.bilibili.com/video/av88209916
青城山圣子松无极,冠 世 疫 战,https://www.bilibili.com/video/av87825918
周六野Zoey,快速瘦小腿运动！摆脱萝卜腿让小腿更细长，拉伸小腿【周六野Zoey】,https://www.bilibili.com/video/av8879609
damon12121,爸爸你信不信我能蹦到你那里,https://www.bilibili.com/video/av87304763
带枪小女孩weibo,在床上就可以做的20分钟特快瘦大腿操  2星期内明显见效【Coffee林芊妤】,https://www.bilibili.com/video/av22227629
小小小小盒子min,有一天你杀了人，你朋友会怎么做,https://www.bilibili.com/video/av86930000
刘能影视制片厂,【绝活】爆肝六小时，用瓜子模仿蔡徐坤打篮球,https://www.bilibili.com/video/av88317675
KBShinya,处  处  躺,https://www.bilibili.com/video/av88062807
醋醋cucu,【醋醋】甩  葱  舞,https://www.bilibili.com/video/av88057421
木鱼水心,【木鱼微剧场】回望《非典十年祭》，或许它是如今肺炎疫情的启示录,https://www.bilibili.com/video/av87880170
一支小暗暗,【神经病式配音】猜 猜 我 是 谁？,https://www.bilibili.com/video/av83701473
有马贵皮,当你尝试握住狗嘴时,https://www.bilibili.com/video/av87472462
凉风Kaze,你为什么不戴口罩    我在吃饭【阅片无数34】,https://www.bilibili.com/video/av88304073
最上川下山,我做出了中忍考试试题，b站第一人,https://www.bilibili.com/video/av87910518
元生塔罗,【元生塔罗】测一生良缘几何，愿有情人终成眷属,https://www.bilibili.com/video/av87452129
师傅是带诗人,乖 抱一哈 :) 如果心情不好 请看看这个视频,https://www.bilibili.com/video/av87649883
中国BOY超级大猩猩,用嘶吼来玩的恐怖游戏，啊啊啊啊啊啊啊啊啊啊啊啊啊啊啊啊啊啊啊！,https://www.bilibili.com/video/av88202799
洛温阿特金森,对王之王你大爷,https://www.bilibili.com/video/av88068475
巴卡咔吧咔咔吧咔,带你们一步一步把周杰伦变土，土味翻唱土 里 香,https://www.bilibili.com/video/av87449541
俊孩玄晔,让你笑到岔气的漫威中文梗！,https://www.bilibili.com/video/av87426710
动漫唯美风,【处处吻】你的老婆可太撩了！世界都馋她一吻,https://www.bilibili.com/video/av85792473
累的不行的yy,老师网上上课，抽学生回答问题ʅ(´◔౪◔)ʃ，然后尴尬了,https://www.bilibili.com/video/av26600941
机核网,【新　宝　島】你从没看过的全新版本！  | 转载自【もりもり】,https://www.bilibili.com/video/av87967740
-TS映画-,姜子牙：天尊，我不做工具人啦！,https://www.bilibili.com/video/av87643741
蓝点lilac,京阿尼官方出品！四款桌面精灵，windows主题包分享（已汉化）,https://www.bilibili.com/video/av87872820
伟大的仙女果,找遍全网的高清【赵露思嘉年华球操视频】，这样的你们爱了吗,https://www.bilibili.com/video/av87931689
EdmundDZhang,【老E】孤儿模拟器,https://www.bilibili.com/video/av87893381
年方两万八,【华妃X甄嬛】高能|脑洞|拱手河山换不回你,https://www.bilibili.com/video/av87484344
一只萌新有毒QWQ,请停止对因为新型肺炎而对野生动物的残害，人类犯下的错误不应该让野生动物承担！,https://www.bilibili.com/video/av87768523
红豆稀饭中,人性本善？,https://www.bilibili.com/video/av87928061
萌猫宝哥哥,喝醉酒的女人有多可怕？猫：我现在慌的一匹！,https://www.bilibili.com/video/av87166030
多节课,对子之王卢本伟,https://www.bilibili.com/video/av85127244
HAHA方尤,【精神污染】钉钉上课监控学生?肌肉up短裙热舞试探！,https://www.bilibili.com/video/av88143658
小狼TOWER,我终于有口罩了！,https://www.bilibili.com/video/av87889668
濮阳市雷雨网络科技有限公司,遭大V质疑！韩红，你到底动了谁的奶酪？,https://www.bilibili.com/video/av87547686
纳兹米米米米,一节能把老师逼疯的网课,https://www.bilibili.com/video/av87288112
似李小居居,老师告诉你在钉钉被迫当主播是什么感受！,https://www.bilibili.com/video/av87886719
55732,【处处吻】高等数学,https://www.bilibili.com/video/av87996171
洪千辰,17岁遇见了你—相恋9年异国恋4年的校园爱情,https://www.bilibili.com/video/av87989082
阿刘_MasterLiu,人类迷惑行为大赏！钉钉直播课着实没眼看！,https://www.bilibili.com/video/av87321083
美食作家王刚R,关于：“美食作家王刚”餐厅未开业和最近停更原因，求理解,https://www.bilibili.com/video/av88361132
中队长同志,凭什么内定奥斯卡!《寄生虫》终极解刨（神预言看发布时间)丨B站唯一影视创作实战向干货丨看懂就会拍【中队长拉片笔记01】,https://www.bilibili.com/video/av87524823
雪饼夫斯基,克罗地亚狂想曲（冰块版）,https://www.bilibili.com/video/av87578693
艾奥影视,韩国MBC天气预报节目中，突然出现了ZICO《Any Song》，主播反应超可爱，竟跟着音乐跳了起来！,https://www.bilibili.com/video/av87892661
水滴的瞬间,【B站最全单词合集】初中、高中、四级、六级、考研、专四、专八、GRE、托福、雅思的单词视频做完了,https://www.bilibili.com/video/av87631035
VirtualMOD,【VMOD】一个企业和你谈民族的时候，他就要开始缺德了——海康威视C2000系列评测,https://www.bilibili.com/video/av88297173
阿斗归来了,【阿斗】IMDb排名第7！史诗的终章！详细解说《指环王3王者归来》一个时代结束了,https://www.bilibili.com/video/av87812131
修2,【蔡徐坤】处处吻,https://www.bilibili.com/video/av87333728
隔壁阿左,播一天封三年=张三封,https://www.bilibili.com/video/av55716713
